id,Name,first_name,last_name,birth_date,canton_de,canton_fr,canton_it,party_de,party_fr,party_it,parl_group_de,parl_group_fr,parl_group_it,v20767,v21029,v22370,v23336,v23487,v23607,v24059,v24907,v25013,v25070,v25320,v25344,v25479,v26199,v25485,v25488,v25607,v25715,v25814,v26464,v26465,v26466,v26764,v26638,v26742
4154,Jean-Luc Addor,Jean-Luc,Addor,1964-04-22,Wallis,Valais,Vallese,Schweizerische Volkspartei,Union Démocratique du Centre,Unione democratica di Centro,Fraktion der Schweizerischen Volkspartei,Groupe de l'Union démocratique du Centre,Gruppo dell'Unione democratica di Centro,0,0,0,2,0,0,0,1,0,0,0,1,0,1,0,0,4,0,0,0,0,0,0,0,0
3867,Andreas Aebi,Andreas,Aebi,1958-11-26,Bern,Berne,Berna,Schweizerische Volkspartei,Union Démocratique du Centre,Unione democratica di Centro,Fraktion der Schweizerischen Volkspartei,Groupe de l'Union démocratique du Centre,Gruppo dell'Unione democratica di Centro,1,0,5,5,5,5,5,0,0,0,0,1,0,1,0,2,0,2,0,0,0,0,0,0,0
4049,Matthias Aebischer,Matthias,Aebischer,1967-10-18,Bern,Berne,Berna,Sozialdemokratische Partei der Schweiz,Parti socialiste suisse,Partito socialista svizzero,Sozialdemokratische Fraktion,Groupe socialiste,Gruppo socialista,1,1,1,1,1,1,1,1,1,1,1,1,1,0,0,1,4,1,4,1,1,1,1,1,4
4053,Thomas Aeschi,Thomas,Aeschi,1979-01-13,Zug,Zoug,Zugo,Schweizerische Volkspartei,Union Démocratique du Centre,Unione democratica di Centro,Fraktion der Schweizerischen Volkspartei,Groupe de l'Union démocratique du Centre,Gruppo dell'Unione democratica di Centro,0,0,0,0,0,0,0,0,0,0,0,0,0,1,0,0,0,1,0,0,0,0,0,0,0
4090,Céline Amaudruz,Céline,Amaudruz,1979-03-15,Genf,Genève,Ginevra,Schweizerische Volkspartei,Union Démocratique du Centre,Unione democratica di Centro,Fraktion der Schweizerischen Volkspartei,Groupe de l'Union démocratique du Centre,Gruppo dell'Unione democratica di Centro,1,0,0,0,2,0,0,0,0,0,0,1,0,1,0,0,0,4,2,0,0,0,0,0,0
4320,Emmanuel Amoos,Emmanuel,Amoos,1980-07-31,Wallis,Valais,Vallese,Sozialdemokratische Partei der Schweiz,Parti socialiste suisse,Partito socialista svizzero,Sozialdemokratische Fraktion,Groupe socialiste,Gruppo socialista,NA,NA,NA,1,1,1,1,1,1,1,1,1,1,0,0,1,1,1,1,1,1,1,1,1,1
4245,Gerhard Andrey,Gerhard,Andrey,1976-01-21,Freiburg,Fribourg,Friburgo,GRÜNE Schweiz,Les VERT-E-S suisses,VERDI Svizzeri,Grüne Fraktion,Groupe des VERT-E-S,Gruppo dei Verdi,1,1,1,1,1,1,1,1,1,1,1,1,1,0,0,1,1,1,1,1,1,1,2,1,1
4184,Sibel Arslan,Sibel,Arslan,1980-06-23,Basel-Stadt,Bâle-Ville,Basilea-Città,Grüne (Basels starke Alternative),Grüne (Basels starke Alternative),Grüne (Basels starke Alternative),Grüne Fraktion,Groupe des VERT-E-S,Gruppo dei Verdi,2,1,1,1,1,1,1,1,1,1,1,1,1,0,0,1,1,1,1,1,1,1,1,1,1
4304,Mustafa Atici,Mustafa,Atici,1969-10-02,Basel-Stadt,Bâle-Ville,Basilea-Città,Sozialdemokratische Partei der Schweiz,Parti socialiste suisse,Partito socialista svizzero,Sozialdemokratische Fraktion,Groupe socialiste,Gruppo socialista,1,1,1,1,1,1,1,1,1,1,1,1,1,0,0,1,1,1,1,1,1,1,1,1,1
4246,Christine Badertscher,Christine,Badertscher,1982-01-11,Bern,Berne,Berna,GRÜNE Schweiz,Les VERT-E-S suisses,VERDI Svizzeri,Grüne Fraktion,Groupe des VERT-E-S,Gruppo dei Verdi,1,1,1,4,1,1,1,1,1,1,1,1,1,0,0,1,1,1,1,4,4,4,1,1,1
4058,Jacqueline Badran,Jacqueline,Badran,1961-11-12,Zürich,Zurich,Zurigo,Sozialdemokratische Partei der Schweiz,Parti socialiste suisse,Partito socialista svizzero,Sozialdemokratische Fraktion,Groupe socialiste,Gruppo socialista,1,1,1,4,1,1,1,3,1,1,1,4,1,4,0,1,1,1,1,4,4,4,1,1,1
4203,Angelo Barrile,Angelo,Barrile,1976-08-22,Zürich,Zurich,Zurigo,Sozialdemokratische Partei der Schweiz,Parti socialiste suisse,Partito socialista svizzero,Sozialdemokratische Fraktion,Groupe socialiste,Gruppo socialista,1,1,3,1,3,3,1,1,1,1,1,1,1,0,0,1,1,1,1,1,1,1,1,1,0
4247,Kilian Baumann,Kilian,Baumann,1980-12-14,Bern,Berne,Berna,GRÜNE Schweiz,Les VERT-E-S suisses,VERDI Svizzeri,Grüne Fraktion,Groupe des VERT-E-S,Gruppo dei Verdi,1,1,1,1,1,1,1,1,1,1,1,1,1,0,0,1,1,1,1,1,1,1,1,1,1
1138,Martin Bäumle,Martin,Bäumle,1964-06-03,Zürich,Zurich,Zurigo,Grünliberale Partei,Parti vert'libéral,Partito Verde liberale,Grünliberale Fraktion,Groupe vert'libéral,Gruppo verde liberale,1,1,1,1,1,4,2,4,1,4,4,4,1,0,1,1,1,1,1,4,4,4,1,1,1
4248,Judith Bellaiche,Judith,Bellaiche,1971-02-02,Zürich,Zurich,Zurigo,Grünliberale Partei,Parti vert'libéral,Partito Verde liberale,Grünliberale Fraktion,Groupe vert'libéral,Gruppo verde liberale,1,4,1,4,1,1,1,1,1,4,1,1,1,0,1,1,1,1,4,1,2,1,1,1,1
4213,Samuel Bendahan,Samuel,Bendahan,1980-06-11,Waadt,Vaud,Vaud,Sozialdemokratische Partei der Schweiz,Parti socialiste suisse,Partito socialista svizzero,Sozialdemokratische Fraktion,Groupe socialiste,Gruppo socialista,1,1,1,1,1,1,1,1,1,1,1,1,1,0,0,1,1,1,1,1,1,1,1,1,1
4330,Alexandre Berthoud,Alexandre,Berthoud,1977-06-29,Waadt,Vaud,Vaud,FDP.Die Liberalen,PLR.Les Libéraux-Radicaux,PLR.I Liberali Radicali,FDP-Liberale Fraktion,Groupe libéral-radical,Gruppo liberale radicale,NA,NA,NA,NA,NA,NA,NA,NA,NA,NA,1,1,1,1,1,1,1,1,1,1,1,1,0,0,1
4102,Kathrin Bertschy,Kathrin,Bertschy,1979-07-02,Bern,Berne,Berna,Grünliberale Partei,Parti vert'libéral,Partito Verde liberale,Grünliberale Fraktion,Groupe vert'libéral,Gruppo verde liberale,1,4,1,3,1,1,4,4,1,1,1,4,1,4,1,1,1,1,1,4,4,1,1,3,4
4249,Marianne Binder-Keller,Marianne,Binder-Keller,1958-06-15,Aargau,Argovie,Argovia,Die Mitte,Le Centre,Alleanza del Centro,Die Mitte-Fraktion. Die Mitte. EVP.,Le Groupe du Centre. Le Centre. PEV.,Il Gruppo del Centro. Alleanza del Centro. PEV.,2,1,1,1,1,1,1,1,1,1,1,0,0,1,1,1,1,1,4,1,1,1,4,1,1
4250,Martina Bircher,Martina,Bircher,1984-04-13,Aargau,Argovie,Argovia,Schweizerische Volkspartei,Union Démocratique du Centre,Unione democratica di Centro,Fraktion der Schweizerischen Volkspartei,Groupe de l'Union démocratique du Centre,Gruppo dell'Unione democratica di Centro,1,0,0,0,2,2,0,0,0,0,0,1,0,1,0,2,0,2,0,0,0,0,0,0,0
4030,Prisca Birrer-Heimo,Prisca,Birrer-Heimo,1959-02-04,Luzern,Lucerne,Lucerna,Sozialdemokratische Partei der Schweiz,Parti socialiste suisse,Partito socialista svizzero,Sozialdemokratische Fraktion,Groupe socialiste,Gruppo socialista,1,1,1,4,1,1,1,1,1,1,1,2,1,0,0,1,1,1,1,1,1,1,1,1,1
3229,Thomas Bläsi,Thomas,Bläsi,1971-04-17,Genf,Genève,Ginevra,Schweizerische Volkspartei,Union Démocratique du Centre,Unione democratica di Centro,Fraktion der Schweizerischen Volkspartei,Groupe de l'Union démocratique du Centre,Gruppo dell'Unione democratica di Centro,NA,NA,NA,NA,NA,NA,NA,NA,NA,NA,NA,NA,NA,NA,NA,NA,NA,NA,NA,NA,NA,NA,NA,NA,NA
3872,Jacques Bourgeois,Jacques,Bourgeois,1958-03-14,Freiburg,Fribourg,Friburgo,FDP.Die Liberalen,PLR.Les Libéraux-Radicaux,PLR.I Liberali Radicali,FDP-Liberale Fraktion,Groupe libéral-radical,Gruppo liberale radicale,1,0,1,1,1,1,0,1,0,1,1,1,1,1,1,1,1,1,4,1,1,1,4,0,1
4230,Philipp Matthias Bregy,Philipp Matthias,Bregy,1978-07-07,Wallis,Valais,Vallese,Die Mitte,Le Centre,Alleanza del Centro,Die Mitte-Fraktion. Die Mitte. EVP.,Le Groupe du Centre. Le Centre. PEV.,Il Gruppo del Centro. Alleanza del Centro. PEV.,2,1,1,1,1,4,1,1,1,1,1,0,0,1,1,1,1,1,1,1,1,1,0,1,1
4315,Florence Brenzikofer,Florence,Brenzikofer,1975-04-15,Basel-Landschaft,Bâle-Campagne,Basilea-Campagna,GRÜNE Schweiz,Les VERT-E-S suisses,VERDI Svizzeri,Grüne Fraktion,Groupe des VERT-E-S,Gruppo dei Verdi,2,1,1,1,1,4,1,1,1,1,1,1,1,0,0,1,1,1,1,1,1,1,1,1,1
4251,Thomas Brunner,Thomas,Brunner,1960-07-25,St. Gallen,St-Gall,San Gallo,Grünliberale Partei,Parti vert'libéral,Partito Verde liberale,Grünliberale Fraktion,Groupe vert'libéral,Gruppo verde liberale,1,1,1,1,1,1,1,1,1,1,1,1,1,0,2,1,1,1,1,1,1,1,1,1,1
4025,Roland Rino Büchel,Roland Rino,Büchel,1965-10-08,St. Gallen,St-Gall,San Gallo,Schweizerische Volkspartei,Union Démocratique du Centre,Unione democratica di Centro,Fraktion der Schweizerischen Volkspartei,Groupe de l'Union démocratique du Centre,Gruppo dell'Unione democratica di Centro,0,0,0,0,0,0,0,4,0,0,0,0,0,1,0,0,0,0,0,0,0,0,3,3,3
4156,Michaël Buffat,Michaël,Buffat,1979-09-27,Waadt,Vaud,Vaud,Schweizerische Volkspartei,Union Démocratique du Centre,Unione democratica di Centro,Fraktion der Schweizerischen Volkspartei,Groupe de l'Union démocratique du Centre,Gruppo dell'Unione democratica di Centro,1,0,0,0,0,0,0,0,0,4,0,1,0,1,0,2,0,0,4,0,0,0,0,0,0
4157,Manfred Bühler,Manfred,Bühler,1979-04-10,Bern,Berne,Berna,Schweizerische Volkspartei,Union Démocratique du Centre,Unione democratica di Centro,Fraktion der Schweizerischen Volkspartei,Groupe de l'Union démocratique du Centre,Gruppo dell'Unione democratica di Centro,NA,NA,NA,NA,NA,NA,NA,NA,NA,NA,NA,NA,NA,1,NA,NA,NA,NA,NA,0,0,0,0,0,0
4101,Christine Bulliard-Marbach,Christine,Bulliard-Marbach,1959-10-13,Freiburg,Fribourg,Friburgo,Die Mitte,Le Centre,Alleanza del Centro,Die Mitte-Fraktion. Die Mitte. EVP.,Le Groupe du Centre. Le Centre. PEV.,Il Gruppo del Centro. Alleanza del Centro. PEV.,1,1,1,4,1,1,1,1,1,1,1,4,0,1,1,1,1,1,1,1,1,1,0,1,1
4158,Thomas Burgherr,Thomas,Burgherr,1962-08-01,Aargau,Argovie,Argovia,Schweizerische Volkspartei,Union Démocratique du Centre,Unione democratica di Centro,Fraktion der Schweizerischen Volkspartei,Groupe de l'Union démocratique du Centre,Gruppo dell'Unione democratica di Centro,1,0,4,0,0,0,0,0,0,0,0,1,0,1,0,2,4,0,0,0,0,0,0,0,0
4070,Martin Candinas,Martin,Candinas,1980-08-20,Graubünden,Grisons,Grigioni,Die Mitte,Le Centre,Alleanza del Centro,Die Mitte-Fraktion. Die Mitte. EVP.,Le Groupe du Centre. Le Centre. PEV.,Il Gruppo del Centro. Alleanza del Centro. PEV.,1,1,1,1,1,4,1,1,1,1,1,0,0,5,1,1,1,3,5,5,5,5,5,5,5
4217,Rocco Cattaneo,Rocco,Cattaneo,1958-12-06,Tessin,Tessin,Ticino,FDP.Die Liberalen,PLR.Les Libéraux-Radicaux,PLR.I Liberali Radicali,FDP-Liberale Fraktion,Groupe libéral-radical,Gruppo liberale radicale,1,1,0,1,1,1,0,1,0,1,1,1,1,1,1,1,1,4,1,1,1,1,0,0,1
4252,Katja Christ,Katja,Christ,1972-08-01,Basel-Stadt,Bâle-Ville,Basilea-Città,Grünliberale Partei,Parti vert'libéral,Partito Verde liberale,Grünliberale Fraktion,Groupe vert'libéral,Gruppo verde liberale,1,1,1,1,1,1,1,1,1,1,4,1,1,0,1,1,1,1,1,1,1,1,1,1,1
4253,Christophe Clivaz,Christophe,Clivaz,1969-01-07,Wallis,Valais,Vallese,GRÜNE Schweiz,Les VERT-E-S suisses,VERDI Svizzeri,Grüne Fraktion,Groupe des VERT-E-S,Gruppo dei Verdi,2,1,1,1,1,1,1,1,1,1,1,1,1,0,0,1,1,1,1,1,1,1,1,1,1
4254,Damien Cottier,Damien,Cottier,1975-04-03,Neuenburg,Neuchâtel,Neuchâtel,FDP.Die Liberalen,PLR.Les Libéraux-Radicaux,PLR.I Liberali Radicali,FDP-Liberale Fraktion,Groupe libéral-radical,Gruppo liberale radicale,1,2,2,1,1,1,0,1,0,1,1,1,1,1,1,1,1,1,1,1,1,1,0,0,1
4219,Brigitte Crottaz,Brigitte,Crottaz,1957-10-06,Waadt,Vaud,Vaud,Sozialdemokratische Partei der Schweiz,Parti socialiste suisse,Partito socialista svizzero,Sozialdemokratische Fraktion,Groupe socialiste,Gruppo socialista,1,1,1,1,1,1,1,1,1,1,1,1,1,0,0,1,1,1,1,1,1,1,1,1,1
4255,Christian Dandrès,Christian,Dandrès,1981-02-13,Genf,Genève,Ginevra,Sozialdemokratische Partei der Schweiz,Parti socialiste suisse,Partito socialista svizzero,Sozialdemokratische Fraktion,Groupe socialiste,Gruppo socialista,1,1,3,1,1,1,4,1,1,0,1,1,1,0,0,1,1,1,1,1,1,1,1,1,1
4051,Thomas de Courten,Thomas,de Courten,1966-07-29,Basel-Landschaft,Bâle-Campagne,Basilea-Campagna,Schweizerische Volkspartei,Union Démocratique du Centre,Unione democratica di Centro,Fraktion der Schweizerischen Volkspartei,Groupe de l'Union démocratique du Centre,Gruppo dell'Unione democratica di Centro,0,0,0,0,0,0,0,4,0,0,1,1,0,1,0,0,0,0,2,0,0,0,0,0,0
4201,Denis de la Reussille,Denis,de la Reussille,1960-10-24,Neuenburg,Neuchâtel,Neuchâtel,Partei der Arbeit der Schweiz,Parti Suisse du travail,Partito svizzero del Lavoro,Grüne Fraktion,Groupe des VERT-E-S,Gruppo dei Verdi,1,1,1,1,1,1,1,1,1,1,1,1,1,0,0,1,1,2,1,1,1,1,1,1,1
4256,Simone de Montmollin,Simone,de Montmollin,1968-07-20,Genf,Genève,Ginevra,FDP.Die Liberalen,PLR.Les Libéraux-Radicaux,PLR.I Liberali Radicali,FDP-Liberale Fraktion,Groupe libéral-radical,Gruppo liberale radicale,1,0,2,1,1,1,0,1,0,1,1,1,1,1,1,1,1,1,1,1,1,1,0,0,1
4257,Jacqueline de Quattro,Jacqueline,de Quattro,1960-06-24,Waadt,Vaud,Vaud,FDP.Die Liberalen,PLR.Les Libéraux-Radicaux,PLR.I Liberali Radicali,FDP-Liberale Fraktion,Groupe libéral-radical,Gruppo liberale radicale,1,0,0,1,1,1,0,1,0,1,1,1,1,1,1,1,1,4,1,1,1,1,0,0,1
4160,Marcel Dettling,Marcel,Dettling,1981-02-01,Schwyz,Schwyz,Svitto,Schweizerische Volkspartei,Union Démocratique du Centre,Unione democratica di Centro,Fraktion der Schweizerischen Volkspartei,Groupe de l'Union démocratique du Centre,Gruppo dell'Unione democratica di Centro,0,0,0,0,0,0,0,0,0,0,0,0,0,1,0,0,0,0,0,4,0,0,0,0,0
4190,Marcel Dobler,Marcel,Dobler,1980-08-29,St. Gallen,St-Gall,San Gallo,FDP.Die Liberalen,PLR.Les Libéraux-Radicaux,PLR.I Liberali Radicali,FDP-Liberale Fraktion,Groupe libéral-radical,Gruppo liberale radicale,1,0,0,1,1,1,0,1,0,1,1,1,1,1,1,1,1,1,1,0,0,0,0,0,1
4258,Kurt Egger,Kurt,Egger,1956-01-19,Thurgau,Thurgovie,Turgovia,GRÜNE Schweiz,Les VERT-E-S suisses,VERDI Svizzeri,Grüne Fraktion,Groupe des VERT-E-S,Gruppo dei Verdi,1,1,1,1,1,1,1,1,1,1,1,1,1,0,0,1,1,1,1,1,1,1,1,1,1
4229,Mike Egger,Mike,Egger,1992-08-02,St. Gallen,St-Gall,San Gallo,Schweizerische Volkspartei,Union Démocratique du Centre,Unione democratica di Centro,Fraktion der Schweizerischen Volkspartei,Groupe de l'Union démocratique du Centre,Gruppo dell'Unione democratica di Centro,0,0,0,0,0,0,0,0,0,0,0,1,0,1,0,0,0,2,1,0,0,0,0,0,0
3876,Yvette Estermann,Yvette,Estermann,1967-02-26,Luzern,Lucerne,Lucerna,Schweizerische Volkspartei,Union Démocratique du Centre,Unione democratica di Centro,Fraktion der Schweizerischen Volkspartei,Groupe de l'Union démocratique du Centre,Gruppo dell'Unione democratica di Centro,0,4,0,3,0,4,0,0,4,4,0,0,0,1,0,0,0,0,0,0,0,0,0,0,0
4259,Alex Farinelli,Alex,Farinelli,1981-12-16,Tessin,Tessin,Ticino,FDP.Die Liberalen,PLR.Les Libéraux-Radicaux,PLR.I Liberali Radicali,FDP-Liberale Fraktion,Groupe libéral-radical,Gruppo liberale radicale,1,0,0,1,1,1,0,1,0,1,1,1,1,1,0,1,1,1,1,1,1,1,0,0,1
4195,Laurence Fehlmann Rielle,Laurence,Fehlmann Rielle,1955-09-11,Genf,Genève,Ginevra,Sozialdemokratische Partei der Schweiz,Parti socialiste suisse,Partito socialista svizzero,Sozialdemokratische Fraktion,Groupe socialiste,Gruppo socialista,1,1,1,1,1,1,3,1,1,1,1,1,1,0,0,1,1,1,1,1,1,1,1,1,1
4077,Olivier Feller,Olivier,Feller,1974-08-30,Waadt,Vaud,Vaud,FDP.Die Liberalen,PLR.Les Libéraux-Radicaux,PLR.I Liberali Radicali,FDP-Liberale Fraktion,Groupe libéral-radical,Gruppo liberale radicale,1,0,0,1,1,1,2,1,0,1,1,1,4,1,1,1,1,1,1,1,1,1,0,0,1
4069,Yvonne Feri,Yvonne,Feri,1966-03-21,Aargau,Argovie,Argovia,Sozialdemokratische Partei der Schweiz,Parti socialiste suisse,Partito socialista svizzero,Sozialdemokratische Fraktion,Groupe socialiste,Gruppo socialista,1,1,4,1,1,4,1,1,1,1,1,1,1,0,0,1,1,1,1,1,1,1,1,1,0
3877,Doris Fiala,Doris,Fiala,1957-01-29,Zürich,Zurich,Zurigo,FDP.Die Liberalen,PLR.Les Libéraux-Radicaux,PLR.I Liberali Radicali,FDP-Liberale Fraktion,Groupe libéral-radical,Gruppo liberale radicale,1,1,0,1,1,1,0,1,1,1,1,1,1,1,1,1,1,3,3,1,1,1,0,0,0
4326,Benjamin Fischer,Benjamin,Fischer,1991-08-16,Zürich,Zurich,Zurigo,Schweizerische Volkspartei,Union Démocratique du Centre,Unione democratica di Centro,Fraktion der Schweizerischen Volkspartei,Groupe de l'Union démocratique du Centre,Gruppo dell'Unione democratica di Centro,NA,NA,NA,NA,NA,NA,NA,0,0,0,0,1,0,1,0,2,0,0,0,0,0,0,0,0,0
4089,Roland Fischer,Roland,Fischer,1965-04-05,Luzern,Lucerne,Lucerna,Grünliberale Partei,Parti vert'libéral,Partito Verde liberale,Grünliberale Fraktion,Groupe vert'libéral,Gruppo verde liberale,1,1,1,1,1,1,1,1,1,3,1,1,1,0,0,1,1,1,1,1,1,1,1,1,1
4260,Fabien Fivaz,Fabien,Fivaz,1978-02-25,Neuenburg,Neuchâtel,Neuchâtel,GRÜNE Schweiz,Les VERT-E-S suisses,VERDI Svizzeri,Grüne Fraktion,Groupe des VERT-E-S,Gruppo dei Verdi,2,1,1,1,1,1,1,1,1,1,1,1,1,0,0,1,1,1,1,1,1,1,1,1,1
4059,Beat Flach,Beat,Flach,1965-01-21,Aargau,Argovie,Argovia,Grünliberale Partei,Parti vert'libéral,Partito Verde liberale,Grünliberale Fraktion,Groupe vert'libéral,Gruppo verde liberale,1,1,1,1,1,1,1,1,1,1,1,4,1,0,1,1,1,1,1,1,1,1,1,1,1
1122,Kurt Fluri,Kurt,Fluri,1955-08-19,Solothurn,Soleure,Soletta,FDP.Die Liberalen,PLR.Les Libéraux-Radicaux,PLR.I Liberali Radicali,FDP-Liberale Fraktion,Groupe libéral-radical,Gruppo liberale radicale,1,0,0,4,1,1,0,1,0,1,1,1,1,1,1,1,1,4,1,1,1,1,0,0,0
4074,Pierre-Alain Fridez,Pierre-Alain,Fridez,1957-11-20,Jura,Jura,Giura,Sozialdemokratische Partei der Schweiz,Parti socialiste suisse,Partito socialista svizzero,Sozialdemokratische Fraktion,Groupe socialiste,Gruppo socialista,1,1,1,1,1,1,1,1,4,3,1,1,3,0,3,3,1,1,1,3,3,3,2,1,1
4131,Claudia Friedl,Claudia,Friedl,1960-07-19,St. Gallen,St-Gall,San Gallo,Sozialdemokratische Partei der Schweiz,Parti socialiste suisse,Partito socialista svizzero,Sozialdemokratische Fraktion,Groupe socialiste,Gruppo socialista,1,1,1,1,1,1,1,1,1,1,4,1,1,0,0,1,1,1,1,1,1,1,1,1,1
4262,Tamara Funiciello,Tamara,Funiciello,1990-03-20,Bern,Berne,Berna,Sozialdemokratische Partei der Schweiz,Parti socialiste suisse,Partito socialista svizzero,Sozialdemokratische Fraktion,Groupe socialiste,Gruppo socialista,1,1,1,1,1,4,1,1,1,1,1,1,1,0,0,1,1,1,1,1,1,1,1,1,1
4263,Andreas Gafner,Andreas,Gafner,1971-03-31,Bern,Berne,Berna,Eidgenössisch-Demokratische Union,Union Démocratique Féderale,Unione Democratica Federale,Fraktion der Schweizerischen Volkspartei,Groupe de l'Union démocratique du Centre,Gruppo dell'Unione democratica di Centro,0,0,0,0,0,0,0,0,0,0,0,1,0,1,0,0,0,0,4,0,0,0,0,0,0
3880,Andrea Martina Geissbühler,Andrea Martina,Geissbühler,1976-08-03,Bern,Berne,Berna,Schweizerische Volkspartei,Union Démocratique du Centre,Unione democratica di Centro,Fraktion der Schweizerischen Volkspartei,Groupe de l'Union démocratique du Centre,Gruppo dell'Unione democratica di Centro,0,0,0,0,0,0,0,0,0,0,0,1,0,1,0,2,0,0,0,0,0,0,0,0,0
4265,Anna Giacometti,Anna,Giacometti,1961-09-08,Graubünden,Grisons,Grigioni,FDP.Die Liberalen,PLR.Les Libéraux-Radicaux,PLR.I Liberali Radicali,FDP-Liberale Fraktion,Groupe libéral-radical,Gruppo liberale radicale,1,0,2,1,1,1,1,1,0,1,1,1,1,1,1,1,1,1,1,1,1,1,0,0,1
4266,Benjamin Giezendanner,Benjamin,Giezendanner,1982-04-22,Aargau,Argovie,Argovia,Schweizerische Volkspartei,Union Démocratique du Centre,Unione democratica di Centro,Fraktion der Schweizerischen Volkspartei,Groupe de l'Union démocratique du Centre,Gruppo dell'Unione democratica di Centro,1,0,4,0,1,0,0,0,0,0,0,1,0,1,0,2,0,0,4,0,0,0,4,0,4
3882,Bastien Girod,Bastien,Girod,1980-12-21,Zürich,Zurich,Zurigo,GRÜNE Schweiz,Les VERT-E-S suisses,VERDI Svizzeri,Grüne Fraktion,Groupe des VERT-E-S,Gruppo dei Verdi,1,1,1,1,1,1,1,1,1,1,1,1,1,0,0,1,1,1,4,1,1,1,1,1,4
1337,Ida Glanzmann-Hunkeler,Ida,Glanzmann-Hunkeler,1958-09-29,Luzern,Lucerne,Lucerna,Die Mitte,Le Centre,Alleanza del Centro,Die Mitte-Fraktion. Die Mitte. EVP.,Le Groupe du Centre. Le Centre. PEV.,Il Gruppo del Centro. Alleanza del Centro. PEV.,4,1,1,1,1,1,1,1,1,1,4,2,0,1,1,1,1,1,1,1,1,1,0,1,1
4161,Andreas Glarner,Andreas,Glarner,1962-10-09,Aargau,Argovie,Argovia,Schweizerische Volkspartei,Union Démocratique du Centre,Unione democratica di Centro,Fraktion der Schweizerischen Volkspartei,Groupe de l'Union démocratique du Centre,Gruppo dell'Unione democratica di Centro,1,0,0,0,0,0,0,0,0,0,0,1,0,1,0,2,0,0,0,0,0,0,0,0,0
4093,Balthasar Glättli,Balthasar,Glättli,1972-02-12,Zürich,Zurich,Zurigo,GRÜNE Schweiz,Les VERT-E-S suisses,VERDI Svizzeri,Grüne Fraktion,Groupe des VERT-E-S,Gruppo dei Verdi,1,1,1,1,1,1,1,1,1,1,4,4,1,0,0,1,1,1,1,1,1,1,1,1,1
4096,Alois Gmür,Alois,Gmür,1955-04-03,Schwyz,Schwyz,Svitto,Die Mitte,Le Centre,Alleanza del Centro,Die Mitte-Fraktion. Die Mitte. EVP.,Le Groupe du Centre. Le Centre. PEV.,Il Gruppo del Centro. Alleanza del Centro. PEV.,1,0,0,0,1,1,1,1,0,1,1,0,0,1,1,1,1,4,1,1,1,1,0,1,1
4116,Petra Gössi,Petra,Gössi,1976-01-12,Schwyz,Schwyz,Svitto,FDP.Die Liberalen,PLR.Les Libéraux-Radicaux,PLR.I Liberali Radicali,FDP-Liberale Fraktion,Groupe libéral-radical,Gruppo liberale radicale,1,0,0,1,1,1,0,1,0,3,1,1,1,1,1,1,1,1,1,3,3,3,0,0,0
3230,Michael Götte ,Michael,Götte,1979-06-16,St. Gallen,St-Gall,San Gallo,Schweizerische Volkspartei,Union Démocratique du Centre,Unione democratica di Centro,Fraktion der Schweizerischen Volkspartei,Groupe de l'Union démocratique du Centre,Gruppo dell'Unione democratica di Centro,NA,NA,NA,NA,NA,NA,NA,NA,NA,NA,NA,NA,NA,NA,NA,NA,NA,NA,NA,NA,NA,NA,NA,NA,NA
4319,Michael Graber,Michael,Graber,1981-06-03,Wallis,Valais,Vallese,Schweizerische Volkspartei,Union Démocratique du Centre,Unione democratica di Centro,Fraktion der Schweizerischen Volkspartei,Groupe de l'Union démocratique du Centre,Gruppo dell'Unione democratica di Centro,NA,NA,NA,4,0,4,0,0,0,0,0,1,0,4,0,0,0,0,0,0,0,0,0,0,0
1295,Edith Graf-Litscher,Edith,Graf-Litscher,1964-03-25,Thurgau,Thurgovie,Turgovia,Sozialdemokratische Partei der Schweiz,Parti socialiste suisse,Partito socialista svizzero,Sozialdemokratische Fraktion,Groupe socialiste,Gruppo socialista,1,1,1,1,1,1,1,1,1,1,1,1,1,0,0,1,1,1,1,1,1,1,2,1,1
4267,Corina Gredig,Corina,Gredig,1987-09-08,Zürich,Zurich,Zurigo,Grünliberale Partei,Parti vert'libéral,Partito Verde liberale,Grünliberale Fraktion,Groupe vert'libéral,Gruppo verde liberale,1,1,1,1,1,1,1,1,1,1,1,1,1,0,1,1,1,1,1,1,1,1,1,1,1
3885,Jean-Pierre Grin,Jean-Pierre,Grin,1947-03-16,Waadt,Vaud,Vaud,Schweizerische Volkspartei,Union Démocratique du Centre,Unione democratica di Centro,Fraktion der Schweizerischen Volkspartei,Groupe de l'Union démocratique du Centre,Gruppo dell'Unione democratica di Centro,1,4,0,0,1,0,0,0,0,0,0,1,4,1,4,4,0,0,4,0,0,0,4,0,0
4083,Jürg Grossen,Jürg,Grossen,1969-08-24,Bern,Berne,Berna,Grünliberale Partei,Parti vert'libéral,Partito Verde liberale,Grünliberale Fraktion,Groupe vert'libéral,Gruppo verde liberale,1,1,1,1,1,1,4,4,1,1,1,1,1,0,1,1,1,4,1,1,1,1,1,1,1
4162,Franz Grüter,Franz,Grüter,1963-07-29,Luzern,Lucerne,Lucerna,Schweizerische Volkspartei,Union Démocratique du Centre,Unione democratica di Centro,Fraktion der Schweizerischen Volkspartei,Groupe de l'Union démocratique du Centre,Gruppo dell'Unione democratica di Centro,1,0,0,0,1,0,0,0,0,0,0,1,0,1,0,1,0,0,1,0,0,0,0,0,0
4087,Jean-Paul Gschwind,Jean-Paul,Gschwind,1952-10-31,Jura,Jura,Giura,Die Mitte,Le Centre,Alleanza del Centro,Die Mitte-Fraktion. Die Mitte. EVP.,Le Groupe du Centre. Le Centre. PEV.,Il Gruppo del Centro. Alleanza del Centro. PEV.,1,2,2,1,1,1,1,1,0,1,0,0,0,1,1,1,1,1,1,1,1,1,0,1,1
4214,Niklaus-Samuel Gugger,Niklaus-Samuel,Gugger,1970-05-01,Zürich,Zurich,Zurigo,Evangelische Volkspartei der Schweiz,Parti évangélique suisse,Partito evangelico svizzero,Die Mitte-Fraktion. Die Mitte. EVP.,Le Groupe du Centre. Le Centre. PEV.,Il Gruppo del Centro. Alleanza del Centro. PEV.,1,1,1,1,1,1,3,1,1,1,1,0,1,1,1,1,1,1,1,1,1,1,0,1,1
4310,Lars Guggisberg,Lars,Guggisberg,1977-07-19,Bern,Berne,Berna,Schweizerische Volkspartei,Union Démocratique du Centre,Unione democratica di Centro,Fraktion der Schweizerischen Volkspartei,Groupe de l'Union démocratique du Centre,Gruppo dell'Unione democratica di Centro,1,0,0,0,2,0,0,0,0,0,0,1,0,1,0,1,0,2,1,0,0,0,0,0,0
4216,Diana Gutjahr,Diana,Gutjahr,1984-01-13,Thurgau,Thurgovie,Turgovia,Schweizerische Volkspartei,Union Démocratique du Centre,Unione democratica di Centro,Fraktion der Schweizerischen Volkspartei,Groupe de l'Union démocratique du Centre,Gruppo dell'Unione democratica di Centro,1,0,0,0,1,0,3,0,0,0,0,1,0,1,0,1,0,0,0,0,0,0,0,0,0
4121,Barbara Gysi,Barbara,Gysi,1964-05-14,St. Gallen,St-Gall,San Gallo,Sozialdemokratische Partei der Schweiz,Parti socialiste suisse,Partito socialista svizzero,Sozialdemokratische Fraktion,Groupe socialiste,Gruppo socialista,1,1,1,1,1,1,1,1,1,1,1,2,4,0,4,4,1,1,1,4,1,1,1,1,0
4268,Greta Gysin,Greta,Gysin,1983-10-06,Tessin,Tessin,Ticino,GRÜNE Schweiz,Les VERT-E-S suisses,VERDI Svizzeri,Grüne Fraktion,Groupe des VERT-E-S,Gruppo dei Verdi,1,1,1,1,1,1,1,4,1,1,1,1,1,0,0,1,1,1,1,1,1,1,1,1,1
4236,Martin Haab,Martin,Haab,1962-05-03,Zürich,Zurich,Zurigo,Schweizerische Volkspartei,Union Démocratique du Centre,Unione democratica di Centro,Fraktion der Schweizerischen Volkspartei,Groupe de l'Union démocratique du Centre,Gruppo dell'Unione democratica di Centro,0,0,0,0,0,0,0,0,0,0,0,1,0,1,0,0,0,0,0,0,0,0,0,0,0
3887,Alfred Heer,Alfred,Heer,1961-10-12,Zürich,Zurich,Zurigo,Schweizerische Volkspartei,Union Démocratique du Centre,Unione democratica di Centro,Fraktion der Schweizerischen Volkspartei,Groupe de l'Union démocratique du Centre,Gruppo dell'Unione democratica di Centro,0,0,0,0,0,0,0,4,0,0,1,0,0,1,1,2,0,0,0,0,0,0,0,0,4
4314,Stefanie Heimgartner,Stefanie,Heimgartner,1987-04-25,Aargau,Argovie,Argovia,Schweizerische Volkspartei,Union Démocratique du Centre,Unione democratica di Centro,Fraktion der Schweizerischen Volkspartei,Groupe de l'Union démocratique du Centre,Gruppo dell'Unione democratica di Centro,1,0,0,0,0,0,0,3,0,0,0,1,0,1,0,0,0,0,0,0,0,0,0,0,0
4129,Verena Herzog,Verena,Herzog,1956-02-07,Thurgau,Thurgovie,Turgovia,Schweizerische Volkspartei,Union Démocratique du Centre,Unione democratica di Centro,Fraktion der Schweizerischen Volkspartei,Groupe de l'Union démocratique du Centre,Gruppo dell'Unione democratica di Centro,1,0,0,2,2,0,0,1,0,0,0,1,0,1,0,0,0,2,2,0,0,0,0,0,0
4163,Erich Hess,Erich,Hess,1981-03-25,Bern,Berne,Berna,Schweizerische Volkspartei,Union Démocratique du Centre,Unione democratica di Centro,Fraktion der Schweizerischen Volkspartei,Groupe de l'Union démocratique du Centre,Gruppo dell'Unione democratica di Centro,0,0,0,0,0,0,0,0,0,0,0,0,0,1,0,0,0,0,0,0,0,0,0,0,0
4094,Lorenz Hess,Lorenz,Hess,1961-06-28,Bern,Berne,Berna,Die Mitte,Le Centre,Alleanza del Centro,Die Mitte-Fraktion. Die Mitte. EVP.,Le Groupe du Centre. Le Centre. PEV.,Il Gruppo del Centro. Alleanza del Centro. PEV.,1,4,1,4,1,4,1,1,1,4,4,0,0,1,1,1,1,4,1,1,1,1,0,1,4
4317,Alois Huber,Alois,Huber,1962-11-21,Aargau,Argovie,Argovia,Schweizerische Volkspartei,Union Démocratique du Centre,Unione democratica di Centro,Fraktion der Schweizerischen Volkspartei,Groupe de l'Union démocratique du Centre,Gruppo dell'Unione democratica di Centro,2,4,0,0,0,0,0,0,0,0,0,1,0,1,0,2,0,0,0,0,0,0,0,0,0
4270,Baptiste Hurni,Baptiste,Hurni,1986-04-04,Neuenburg,Neuchâtel,Neuchâtel,Sozialdemokratische Partei der Schweiz,Parti socialiste suisse,Partito socialista svizzero,Sozialdemokratische Fraktion,Groupe socialiste,Gruppo socialista,1,1,1,3,1,1,1,1,1,1,1,1,1,0,0,1,1,1,1,1,1,1,1,1,1
3890,Thomas Hurter,Thomas,Hurter,1963-11-01,Schaffhausen,Schaffhouse,Sciaffusa,Schweizerische Volkspartei,Union Démocratique du Centre,Unione democratica di Centro,Fraktion der Schweizerischen Volkspartei,Groupe de l'Union démocratique du Centre,Gruppo dell'Unione democratica di Centro,1,0,0,0,1,0,0,0,0,0,0,1,0,1,1,1,0,4,0,4,4,4,0,0,0
4164,Christian Imark,Christian,Imark,1982-01-29,Solothurn,Soleure,Soletta,Schweizerische Volkspartei,Union Démocratique du Centre,Unione democratica di Centro,Fraktion der Schweizerischen Volkspartei,Groupe de l'Union démocratique du Centre,Gruppo dell'Unione democratica di Centro,1,0,0,0,2,0,0,4,0,0,1,1,0,1,0,2,0,4,0,0,0,0,0,0,0
4328,Natalie Imboden,Natalie,Imboden,1970-09-04,Bern,Berne,Berna,GRÜNE Schweiz,Les VERT-E-S suisses,VERDI Svizzeri,Grüne Fraktion,Groupe des VERT-E-S,Gruppo dei Verdi,NA,NA,NA,NA,NA,NA,NA,1,1,1,1,1,1,0,0,1,1,1,1,1,1,1,1,1,1
4208,Matthias Samuel Jauslin,Matthias Samuel,Jauslin,1962-04-20,Aargau,Argovie,Argovia,FDP.Die Liberalen,PLR.Les Libéraux-Radicaux,PLR.I Liberali Radicali,FDP-Liberale Fraktion,Groupe libéral-radical,Gruppo liberale radicale,1,0,0,1,1,1,0,1,0,1,1,1,1,1,1,1,1,1,1,1,1,1,1,0,1
4331,Marc Jost,Marc,Jost,1974-02-06,Bern,Berne,Berna,Evangelische Volkspartei der Schweiz,Parti évangélique suisse,Partito evangelico svizzero,Die Mitte-Fraktion. Die Mitte. EVP.,Le Groupe du Centre. Le Centre. PEV.,Il Gruppo del Centro. Alleanza del Centro. PEV.,NA,NA,NA,NA,NA,NA,NA,NA,NA,NA,NA,NA,NA,1,NA,NA,NA,1,1,1,1,1,0,1,1
4218,Irène Kälin,Irène,Kälin,1987-02-06,Aargau,Argovie,Argovia,GRÜNE Schweiz,Les VERT-E-S suisses,VERDI Svizzeri,Grüne Fraktion,Groupe des VERT-E-S,Gruppo dei Verdi,1,1,1,1,4,1,3,5,5,5,5,5,5,0,5,5,5,5,4,1,1,1,1,2,1
4271,Sidney Kamerzin,Sidney,Kamerzin,1975-03-19,Wallis,Valais,Vallese,Die Mitte,Le Centre,Alleanza del Centro,Die Mitte-Fraktion. Die Mitte. EVP.,Le Groupe du Centre. Le Centre. PEV.,Il Gruppo del Centro. Alleanza del Centro. PEV.,1,1,1,1,1,1,1,1,1,1,1,0,0,1,1,1,1,1,1,1,1,1,0,1,1
4098,Peter Keller,Peter,Keller,1971-04-22,Nidwalden,Nidwald,Nidvaldo,Schweizerische Volkspartei,Union Démocratique du Centre,Unione democratica di Centro,Fraktion der Schweizerischen Volkspartei,Groupe de l'Union démocratique du Centre,Gruppo dell'Unione democratica di Centro,2,0,0,0,2,0,0,0,0,0,0,1,0,1,0,2,0,0,4,0,0,0,0,0,0
4272,Delphine Klopfenstein Broggini,Delphine,Klopfenstein Broggini,1976-06-09,Genf,Genève,Ginevra,GRÜNE Schweiz,Les VERT-E-S suisses,VERDI Svizzeri,Grüne Fraktion,Groupe des VERT-E-S,Gruppo dei Verdi,2,1,4,1,1,1,1,1,1,1,4,1,1,0,0,1,1,1,1,1,1,1,1,1,1
4166,Roger Köppel,Roger,Köppel,1965-03-21,Zürich,Zurich,Zurigo,Schweizerische Volkspartei,Union Démocratique du Centre,Unione democratica di Centro,Fraktion der Schweizerischen Volkspartei,Groupe de l'Union démocratique du Centre,Gruppo dell'Unione democratica di Centro,0,4,0,0,0,4,4,0,0,4,4,1,4,4,4,4,0,0,4,0,0,0,4,4,4
4225,Philipp Kutter,Philipp,Kutter,1975-08-31,Zürich,Zurich,Zurigo,Die Mitte,Le Centre,Alleanza del Centro,Die Mitte-Fraktion. Die Mitte. EVP.,Le Groupe du Centre. Le Centre. PEV.,Il Gruppo del Centro. Alleanza del Centro. PEV.,1,4,1,1,4,1,1,1,1,4,4,4,1,3,1,1,1,1,1,3,3,3,3,3,3
4008,Martin Landolt,Martin,Landolt,1968-06-30,Glarus,Glaris,Glarona,Die Mitte,Le Centre,Alleanza del Centro,Die Mitte-Fraktion. Die Mitte. EVP.,Le Groupe du Centre. Le Centre. PEV.,Il Gruppo del Centro. Alleanza del Centro. PEV.,1,4,1,4,4,1,4,1,1,1,1,2,4,1,4,4,1,4,1,1,1,1,0,1,4
4273,Sandra Locher Benguerel,Sandra,Locher Benguerel,1975-09-16,Graubünden,Grisons,Grigioni,Sozialdemokratische Partei der Schweiz,Parti socialiste suisse,Partito socialista svizzero,Sozialdemokratische Fraktion,Groupe socialiste,Gruppo socialista,1,1,1,1,1,1,1,1,1,1,1,1,1,0,0,1,1,1,1,1,1,1,1,1,1
4118,Christian Lohr,Christian,Lohr,1962-04-05,Thurgau,Thurgovie,Turgovia,Die Mitte,Le Centre,Alleanza del Centro,Die Mitte-Fraktion. Die Mitte. EVP.,Le Groupe du Centre. Le Centre. PEV.,Il Gruppo del Centro. Alleanza del Centro. PEV.,1,1,1,4,1,1,3,1,1,1,1,0,0,1,1,1,1,1,1,1,1,1,0,1,1
3895,Christian Lüscher,Christian,Lüscher,1963-12-06,Genf,Genève,Ginevra,FDP.Die Liberalen,PLR.Les Libéraux-Radicaux,PLR.I Liberali Radicali,FDP-Liberale Fraktion,Groupe libéral-radical,Gruppo liberale radicale,1,0,2,1,1,1,0,1,0,1,4,1,1,1,1,1,1,4,4,1,1,1,4,0,4
4274,Jörg Mäder,Jörg,Mäder,1975-07-20,Zürich,Zurich,Zurigo,Grünliberale Partei,Parti vert'libéral,Partito Verde liberale,Grünliberale Fraktion,Groupe vert'libéral,Gruppo verde liberale,1,1,1,1,1,1,1,1,1,1,1,1,1,0,0,1,1,1,1,1,1,1,1,1,1
4327,Raphaël Mahaim,Raphaël,Mahaim,1983-12-31,Waadt,Vaud,Vaud,GRÜNE Schweiz,Les VERT-E-S suisses,VERDI Svizzeri,Grüne Fraktion,Groupe des VERT-E-S,Gruppo dei Verdi,NA,NA,NA,NA,NA,NA,NA,1,1,1,1,1,1,0,0,1,1,1,1,1,1,1,1,1,1
491,Pierre-Yves Maillard,Pierre-Yves,Maillard,1968-03-16,Waadt,Vaud,Vaud,Sozialdemokratische Partei der Schweiz,Parti socialiste suisse,Partito socialista svizzero,Sozialdemokratische Fraktion,Groupe socialiste,Gruppo socialista,1,1,1,1,1,1,1,1,1,1,1,4,1,0,0,1,1,1,1,1,1,1,1,1,1
4275,Vincent Maitre,Vincent,Maitre,1981-01-12,Genf,Genève,Ginevra,Die Mitte,Le Centre,Alleanza del Centro,Die Mitte-Fraktion. Die Mitte. EVP.,Le Groupe du Centre. Le Centre. PEV.,Il Gruppo del Centro. Alleanza del Centro. PEV.,1,1,1,1,1,1,1,4,1,1,1,0,0,1,1,1,1,1,1,1,1,1,0,1,1
4311,Piero Marchesi,Piero,Marchesi,1981-09-19,Tessin,Tessin,Ticino,Schweizerische Volkspartei,Union Démocratique du Centre,Unione democratica di Centro,Fraktion der Schweizerischen Volkspartei,Groupe de l'Union démocratique du Centre,Gruppo dell'Unione democratica di Centro,1,0,0,0,0,0,0,0,0,0,0,1,0,1,0,2,3,0,2,0,0,0,0,0,0
1139,Christa Markwalder,Christa,Markwalder,1975-07-27,Bern,Berne,Berna,FDP.Die Liberalen,PLR.Les Libéraux-Radicaux,PLR.I Liberali Radicali,FDP-Liberale Fraktion,Groupe libéral-radical,Gruppo liberale radicale,1,2,1,1,1,1,0,3,3,3,1,1,1,4,1,1,1,1,1,1,1,1,0,0,1
3923,Ada Marra,Ada,Marra,1973-03-10,Waadt,Vaud,Vaud,Sozialdemokratische Partei der Schweiz,Parti socialiste suisse,Partito socialista svizzero,Sozialdemokratische Fraktion,Groupe socialiste,Gruppo socialista,1,1,1,1,1,1,1,1,1,4,1,1,1,0,0,1,1,1,1,1,1,1,1,1,1
4197,Min Li Marti,Min Li,Marti,1974-06-01,Zürich,Zurich,Zurigo,Sozialdemokratische Partei der Schweiz,Parti socialiste suisse,Partito socialista svizzero,Sozialdemokratische Fraktion,Groupe socialiste,Gruppo socialista,1,1,1,1,1,4,1,3,1,1,1,1,1,0,0,1,4,1,1,1,1,1,1,1,1
4228,Samira Marti,Samira,Marti,1994-01-23,Basel-Landschaft,Bâle-Campagne,Basilea-Campagna,Sozialdemokratische Partei der Schweiz,Parti socialiste suisse,Partito socialista svizzero,Sozialdemokratische Fraktion,Groupe socialiste,Gruppo socialista,1,1,1,1,1,1,1,1,1,1,1,1,1,0,0,1,1,1,1,1,1,1,1,1,0
4167,Magdalena Martullo-Blocher,Magdalena,Martullo-Blocher,1969-08-13,Graubünden,Grisons,Grigioni,Schweizerische Volkspartei,Union Démocratique du Centre,Unione democratica di Centro,Fraktion der Schweizerischen Volkspartei,Groupe de l'Union démocratique du Centre,Gruppo dell'Unione democratica di Centro,1,0,0,0,0,0,0,0,4,0,0,1,0,1,0,0,0,4,0,4,0,0,4,0,4
4130,Nadine Masshardt,Nadine,Masshardt,1984-10-04,Bern,Berne,Berna,Sozialdemokratische Partei der Schweiz,Parti socialiste suisse,Partito socialista svizzero,Sozialdemokratische Fraktion,Groupe socialiste,Gruppo socialista,1,1,1,1,1,1,1,1,1,1,1,1,1,0,0,1,1,1,1,1,1,1,1,1,4
4276,Michel Matter,Michel,Matter,1964-12-31,Genf,Genève,Ginevra,Grünliberale Partei,Parti vert'libéral,Partito Verde liberale,Grünliberale Fraktion,Groupe vert'libéral,Gruppo verde liberale,2,1,1,1,1,1,1,1,1,1,1,1,1,0,1,1,1,1,1,1,1,1,1,1,1
4144,Thomas Matter,Thomas,Matter,1966-03-23,Zürich,Zurich,Zurigo,Schweizerische Volkspartei,Union Démocratique du Centre,Unione democratica di Centro,Fraktion der Schweizerischen Volkspartei,Groupe de l'Union démocratique du Centre,Gruppo dell'Unione democratica di Centro,0,0,0,0,0,0,0,0,0,0,0,1,0,1,0,0,0,0,0,0,0,0,0,0,0
4333,Andreas Meier,Andreas,Meier,1962-02-11,Aargau,Argovie,Argovia,Die Mitte,Le Centre,Alleanza del Centro,Die Mitte-Fraktion. Die Mitte. EVP.,Le Groupe du Centre. Le Centre. PEV.,Il Gruppo del Centro. Alleanza del Centro. PEV.,NA,NA,NA,NA,NA,NA,NA,NA,NA,NA,NA,NA,NA,1,NA,NA,NA,NA,NA,1,1,1,0,1,1
4277,Melanie Mettler,Melanie,Mettler,1977-12-03,Bern,Berne,Berna,Grünliberale Partei,Parti vert'libéral,Partito Verde liberale,Grünliberale Fraktion,Groupe vert'libéral,Gruppo verde liberale,1,1,1,1,1,1,1,3,1,1,4,1,1,0,1,1,1,1,1,1,1,1,1,1,1
4198,Mattea Meyer,Mattea,Meyer,1987-11-09,Zürich,Zurich,Zurigo,Sozialdemokratische Partei der Schweiz,Parti socialiste suisse,Partito socialista svizzero,Sozialdemokratische Fraktion,Groupe socialiste,Gruppo socialista,1,1,1,1,1,4,4,1,1,1,4,1,1,0,0,1,1,1,1,4,4,4,1,1,1
4278,Sophie Michaud Gigon,Sophie,Michaud Gigon,1975-01-20,Waadt,Vaud,Vaud,GRÜNE Schweiz,Les VERT-E-S suisses,VERDI Svizzeri,Grüne Fraktion,Groupe des VERT-E-S,Gruppo dei Verdi,1,1,1,1,1,1,1,1,1,1,4,1,1,0,0,1,1,1,1,1,1,1,1,1,1
4223,Fabian Molina,Fabian,Molina,1990-07-08,Zürich,Zurich,Zurigo,Sozialdemokratische Partei der Schweiz,Parti socialiste suisse,Partito socialista svizzero,Sozialdemokratische Fraktion,Groupe socialiste,Gruppo socialista,1,1,1,1,1,1,1,1,1,1,1,1,1,0,0,1,4,1,4,1,1,1,1,1,1
3897,Tiana Angelina Moser,Tiana Angelina,Moser,1979-04-06,Zürich,Zurich,Zurigo,Grünliberale Partei,Parti vert'libéral,Partito Verde liberale,Grünliberale Fraktion,Groupe vert'libéral,Gruppo verde liberale,1,1,1,1,1,1,1,1,1,1,1,1,1,4,1,1,1,1,1,1,1,1,1,1,4
4097,Leo Müller,Leo,Müller,1958-07-04,Luzern,Lucerne,Lucerna,Die Mitte,Le Centre,Alleanza del Centro,Die Mitte-Fraktion. Die Mitte. EVP.,Le Groupe du Centre. Le Centre. PEV.,Il Gruppo del Centro. Alleanza del Centro. PEV.,1,2,1,1,1,1,1,1,1,1,1,0,0,1,1,1,1,1,1,1,1,1,0,1,1
4063,Stefan Müller-Altermatt,Stefan,Müller-Altermatt,1976-06-17,Solothurn,Soleure,Soletta,Die Mitte,Le Centre,Alleanza del Centro,Die Mitte-Fraktion. Die Mitte. EVP.,Le Groupe du Centre. Le Centre. PEV.,Il Gruppo del Centro. Alleanza del Centro. PEV.,1,4,1,1,3,4,3,1,0,4,1,0,0,1,1,1,4,4,1,1,1,1,3,3,3
4134,Martina Munz,Martina,Munz,1955-12-26,Schaffhausen,Schaffhouse,Sciaffusa,Sozialdemokratische Partei der Schweiz,Parti socialiste suisse,Partito socialista svizzero,Sozialdemokratische Fraktion,Groupe socialiste,Gruppo socialista,1,1,1,1,1,1,1,1,1,1,1,1,1,0,0,1,1,1,1,1,1,1,1,1,0
4193,Philippe Nantermod,Philippe,Nantermod,1984-03-27,Wallis,Valais,Vallese,FDP.Die Liberalen,PLR.Les Libéraux-Radicaux,PLR.I Liberali Radicali,FDP-Liberale Fraktion,Groupe libéral-radical,Gruppo liberale radicale,1,0,1,1,1,1,0,1,0,1,1,1,1,1,1,1,1,1,4,1,1,1,0,0,1
4168,Jacques Nicolet,Jacques,Nicolet,1965-10-24,Waadt,Vaud,Vaud,Schweizerische Volkspartei,Union Démocratique du Centre,Unione democratica di Centro,Fraktion der Schweizerischen Volkspartei,Groupe de l'Union démocratique du Centre,Gruppo dell'Unione democratica di Centro,1,0,0,0,0,0,0,0,0,4,0,1,0,1,0,2,0,0,2,0,0,0,0,0,0
1279,Roger Nordmann,Roger,Nordmann,1973-03-23,Waadt,Vaud,Vaud,Sozialdemokratische Partei der Schweiz,Parti socialiste suisse,Partito socialista svizzero,Sozialdemokratische Fraktion,Groupe socialiste,Gruppo socialista,1,1,1,1,1,1,1,1,1,1,1,1,1,0,0,1,4,1,1,4,4,4,4,1,4
3899,Eric Nussbaumer,Eric,Nussbaumer,1960-07-11,Basel-Landschaft,Bâle-Campagne,Basilea-Campagna,Sozialdemokratische Partei der Schweiz,Parti socialiste suisse,Partito socialista svizzero,Sozialdemokratische Fraktion,Groupe socialiste,Gruppo socialista,1,1,1,4,1,1,1,1,1,1,1,1,1,0,0,1,1,1,1,1,1,1,2,1,2
4222,Nicolo Paganini,Nicolo,Paganini,1966-06-08,St. Gallen,St-Gall,San Gallo,Die Mitte,Le Centre,Alleanza del Centro,Die Mitte-Fraktion. Die Mitte. EVP.,Le Groupe du Centre. Le Centre. PEV.,Il Gruppo del Centro. Alleanza del Centro. PEV.,1,1,1,1,1,1,0,1,1,1,1,0,0,1,1,1,1,1,1,1,1,1,0,1,4
4169,Pierre-André Page,Pierre-André,Page,1960-04-19,Freiburg,Fribourg,Friburgo,Schweizerische Volkspartei,Union Démocratique du Centre,Unione democratica di Centro,Fraktion der Schweizerischen Volkspartei,Groupe de l'Union démocratique du Centre,Gruppo dell'Unione democratica di Centro,1,4,0,0,0,0,0,0,0,0,0,1,0,1,0,2,0,0,0,0,0,0,0,0,0
4308,Isabelle Pasquier-Eichenberger,Isabelle,Pasquier-Eichenberger,1973-03-17,Genf,Genève,Ginevra,GRÜNE Schweiz,Les VERT-E-S suisses,VERDI Svizzeri,Grüne Fraktion,Groupe des VERT-E-S,Gruppo dei Verdi,2,1,1,1,1,3,1,1,1,1,1,1,1,0,0,1,1,1,1,1,1,1,1,1,1
1109,Gerhard Pfister,Gerhard,Pfister,1962-10-01,Zug,Zoug,Zugo,Die Mitte,Le Centre,Alleanza del Centro,Die Mitte-Fraktion. Die Mitte. EVP.,Le Groupe du Centre. Le Centre. PEV.,Il Gruppo del Centro. Alleanza del Centro. PEV.,1,1,1,1,1,4,1,1,1,1,4,0,0,1,1,1,1,4,1,1,1,1,0,1,4
4109,Valérie Piller Carrard,Valérie,Piller Carrard,1978-09-09,Freiburg,Fribourg,Friburgo,Sozialdemokratische Partei der Schweiz,Parti socialiste suisse,Partito socialista svizzero,Sozialdemokratische Fraktion,Groupe socialiste,Gruppo socialista,1,1,1,1,1,1,4,1,1,1,1,1,1,0,0,1,1,1,1,1,1,1,1,1,1
4279,François Pointet,François,Pointet,1969-06-25,Waadt,Vaud,Vaud,Grünliberale Partei,Parti vert'libéral,Partito Verde liberale,Grünliberale Fraktion,Groupe vert'libéral,Gruppo verde liberale,1,1,4,1,1,1,1,1,1,1,1,1,1,0,1,1,1,1,1,1,1,1,1,1,1
4280,Léonore Porchet,Léonore,Porchet,1989-07-09,Waadt,Vaud,Vaud,GRÜNE Schweiz,Les VERT-E-S suisses,VERDI Svizzeri,Grüne Fraktion,Groupe des VERT-E-S,Gruppo dei Verdi,2,1,1,1,1,1,1,1,1,1,1,1,1,0,0,1,1,1,1,1,1,1,1,1,1
4141,Hans-Peter Portmann,Hans-Peter,Portmann,1963-02-22,Zürich,Zurich,Zurigo,FDP.Die Liberalen,PLR.Les Libéraux-Radicaux,PLR.I Liberali Radicali,FDP-Liberale Fraktion,Groupe libéral-radical,Gruppo liberale radicale,1,4,0,1,1,1,0,1,0,1,1,1,1,1,1,1,1,3,1,1,1,1,0,0,1
3999,Katharina Prelicz-Huber,Katharina,Prelicz-Huber,1959-10-12,Zürich,Zurich,Zurigo,GRÜNE Schweiz,Les VERT-E-S suisses,VERDI Svizzeri,Grüne Fraktion,Groupe des VERT-E-S,Gruppo dei Verdi,2,1,1,1,1,1,1,1,1,1,1,1,1,0,0,1,1,1,1,1,1,1,1,1,1
4301,Stefania Prezioso Batou,Stefania,Prezioso Batou,1969-01-25,Genf,Genève,Ginevra,Ensemble à Gauche,Ensemble à Gauche,Ensemble à Gauche,Grüne Fraktion,Groupe des VERT-E-S,Gruppo dei Verdi,1,1,1,4,1,1,1,4,1,0,1,1,1,4,0,1,4,2,1,1,1,1,1,1,1
4281,Jon Pult,Jon,Pult,1984-10-12,Graubünden,Grisons,Grigioni,Sozialdemokratische Partei der Schweiz,Parti socialiste suisse,Partito socialista svizzero,Sozialdemokratische Fraktion,Groupe socialiste,Gruppo socialista,1,1,1,1,1,1,1,1,1,1,1,1,1,0,0,1,1,1,1,1,1,1,1,1,1
4307,Valentine Python,Valentine,Python,1975-06-18,Waadt,Vaud,Vaud,GRÜNE Schweiz,Les VERT-E-S suisses,VERDI Svizzeri,Grüne Fraktion,Groupe des VERT-E-S,Gruppo dei Verdi,2,1,1,1,1,1,1,1,1,1,1,1,1,0,0,1,1,1,1,1,1,1,1,1,1
4046,Lorenzo Quadri,Lorenzo,Quadri,1974-11-05,Tessin,Tessin,Ticino,Lega dei Ticinesi,Lega dei Ticinesi,Lega dei Ticinesi,Fraktion der Schweizerischen Volkspartei,Groupe de l'Union démocratique du Centre,Gruppo dell'Unione democratica di Centro,1,0,0,0,2,0,0,0,0,0,0,1,0,1,0,2,4,0,4,0,0,0,0,0,0
4282,Thomas Rechsteiner,Thomas,Rechsteiner,1971-11-14,Appenzell I.-Rh.,Appenzell Rh.-Int.,Appenzello Interno,Die Mitte,Le Centre,Alleanza del Centro,Die Mitte-Fraktion. Die Mitte. EVP.,Le Groupe du Centre. Le Centre. PEV.,Il Gruppo del Centro. Alleanza del Centro. PEV.,1,1,0,0,1,0,0,1,1,1,1,0,0,1,1,1,1,4,4,1,1,1,0,1,1
4072,Fabio Regazzi,Fabio,Regazzi,1962-06-22,Tessin,Tessin,Ticino,Die Mitte,Le Centre,Alleanza del Centro,Die Mitte-Fraktion. Die Mitte. EVP.,Le Groupe du Centre. Le Centre. PEV.,Il Gruppo del Centro. Alleanza del Centro. PEV.,1,2,1,1,1,1,1,1,0,1,0,0,0,1,1,1,1,1,1,1,1,1,0,1,1
3901,Lukas Reimann,Lukas,Reimann,1982-09-18,St. Gallen,St-Gall,San Gallo,Schweizerische Volkspartei,Union Démocratique du Centre,Unione democratica di Centro,Fraktion der Schweizerischen Volkspartei,Groupe de l'Union démocratique du Centre,Gruppo dell'Unione democratica di Centro,1,0,0,0,0,0,0,4,0,0,0,1,0,1,0,0,0,1,1,0,0,0,0,0,0
4313,Maja Riniker,Maja,Riniker,1978-05-23,Aargau,Argovie,Argovia,FDP.Die Liberalen,PLR.Les Libéraux-Radicaux,PLR.I Liberali Radicali,FDP-Liberale Fraktion,Groupe libéral-radical,Gruppo liberale radicale,1,0,1,1,1,1,0,1,0,1,1,1,1,1,1,1,1,1,1,1,1,1,0,0,1
4052,Markus Ritter,Markus,Ritter,1967-04-19,St. Gallen,St-Gall,San Gallo,Die Mitte,Le Centre,Alleanza del Centro,Die Mitte-Fraktion. Die Mitte. EVP.,Le Groupe du Centre. Le Centre. PEV.,Il Gruppo del Centro. Alleanza del Centro. PEV.,1,4,1,1,1,1,2,1,2,1,1,0,0,1,1,1,4,1,1,1,1,1,0,4,1
4220,Benjamin Roduit,Benjamin,Roduit,1962-11-22,Wallis,Valais,Vallese,Die Mitte,Le Centre,Alleanza del Centro,Die Mitte-Fraktion. Die Mitte. EVP.,Le Groupe du Centre. Le Centre. PEV.,Il Gruppo del Centro. Alleanza del Centro. PEV.,1,1,1,1,1,1,1,1,1,1,4,0,0,1,1,1,1,1,1,1,1,1,0,1,1
4120,Marco Romano,Marco,Romano,1982-11-06,Tessin,Tessin,Ticino,Die Mitte,Le Centre,Alleanza del Centro,Die Mitte-Fraktion. Die Mitte. EVP.,Le Groupe du Centre. Le Centre. PEV.,Il Gruppo del Centro. Alleanza del Centro. PEV.,1,1,1,1,1,1,1,1,1,1,0,0,0,1,1,1,1,1,1,1,1,1,0,1,1
4283,Franziska Roth,Franziska,Roth,1966-04-17,Solothurn,Soleure,Soletta,Sozialdemokratische Partei der Schweiz,Parti socialiste suisse,Partito socialista svizzero,Sozialdemokratische Fraktion,Groupe socialiste,Gruppo socialista,1,1,1,1,1,1,1,1,1,1,1,1,1,0,0,1,1,1,1,1,1,1,1,1,1
4284,Marie-France Roth Pasquier,Marie-France,Roth Pasquier,1968-04-25,Freiburg,Fribourg,Friburgo,Die Mitte,Le Centre,Alleanza del Centro,Die Mitte-Fraktion. Die Mitte. EVP.,Le Groupe du Centre. Le Centre. PEV.,Il Gruppo del Centro. Alleanza del Centro. PEV.,1,1,1,1,1,1,1,1,1,1,1,0,0,3,1,1,1,1,1,1,1,1,0,1,1
4329,Daniel Ruch,Daniel,Ruch,1963-03-20,Waadt,Vaud,Vaud,FDP.Die Liberalen,PLR.Les Libéraux-Radicaux,PLR.I Liberali Radicali,FDP-Liberale Fraktion,Groupe libéral-radical,Gruppo liberale radicale,NA,NA,NA,NA,NA,NA,NA,NA,NA,NA,1,1,1,1,1,1,1,1,1,1,1,1,0,0,1
4285,Monika Rüegger,Monika,Rüegger,1968-03-25,Obwalden,Obwald,Obvaldo,Schweizerische Volkspartei,Union Démocratique du Centre,Unione democratica di Centro,Fraktion der Schweizerischen Volkspartei,Groupe de l'Union démocratique du Centre,Gruppo dell'Unione democratica di Centro,1,0,0,0,1,0,0,0,0,2,0,1,3,1,3,3,0,0,0,0,0,0,4,0,4
4125,Gregor Rutz,Gregor,Rutz,1972-10-12,Zürich,Zurich,Zurigo,Schweizerische Volkspartei,Union Démocratique du Centre,Unione democratica di Centro,Fraktion der Schweizerischen Volkspartei,Groupe de l'Union démocratique du Centre,Gruppo dell'Unione democratica di Centro,1,0,0,0,0,0,0,4,0,0,0,2,0,1,0,2,0,0,0,0,0,0,0,0,0
4286,Franziska Ryser,Franziska,Ryser,1991-10-22,St. Gallen,St-Gall,San Gallo,GRÜNE Schweiz,Les VERT-E-S suisses,VERDI Svizzeri,Grüne Fraktion,Groupe des VERT-E-S,Gruppo dei Verdi,1,1,1,1,1,1,1,1,1,1,1,1,1,0,0,1,1,1,1,1,1,1,1,1,1
4202,Regine Sauter,Regine,Sauter,1966-04-16,Zürich,Zurich,Zurigo,FDP.Die Liberalen,PLR.Les Libéraux-Radicaux,PLR.I Liberali Radicali,FDP-Liberale Fraktion,Groupe libéral-radical,Gruppo liberale radicale,1,0,1,1,1,1,0,1,0,1,1,1,1,1,1,1,1,1,1,1,1,1,0,0,1
4287,Barbara Schaffner,Barbara,Schaffner,1968-07-28,Zürich,Zurich,Zurigo,Grünliberale Partei,Parti vert'libéral,Partito Verde liberale,Grünliberale Fraktion,Groupe vert'libéral,Gruppo verde liberale,1,1,1,1,1,4,1,1,1,1,1,1,1,0,1,1,1,1,1,1,1,1,1,1,1
4124,Peter Schilliger,Peter,Schilliger,1959-06-01,Luzern,Lucerne,Lucerna,FDP.Die Liberalen,PLR.Les Libéraux-Radicaux,PLR.I Liberali Radicali,FDP-Liberale Fraktion,Groupe libéral-radical,Gruppo liberale radicale,NA,0,0,4,1,1,0,1,0,1,1,1,1,4,1,1,1,1,4,1,1,1,0,0,1
4234,Therese Schläpfer,Therese,Schläpfer,1959-04-14,Zürich,Zurich,Zurigo,Schweizerische Volkspartei,Union Démocratique du Centre,Unione democratica di Centro,Fraktion der Schweizerischen Volkspartei,Groupe de l'Union démocratique du Centre,Gruppo dell'Unione democratica di Centro,1,0,0,0,0,0,0,0,0,0,0,1,0,1,0,2,0,0,0,0,0,0,0,0,0
4288,Marionna Schlatter,Marionna,Schlatter,1980-11-14,Zürich,Zurich,Zurigo,GRÜNE Schweiz,Les VERT-E-S suisses,VERDI Svizzeri,Grüne Fraktion,Groupe des VERT-E-S,Gruppo dei Verdi,1,1,1,1,1,4,1,1,1,1,1,1,1,0,0,1,1,1,1,1,1,1,1,1,1
4060,Daniela Schneeberger,Daniela,Schneeberger,1967-09-19,Basel-Landschaft,Bâle-Campagne,Basilea-Campagna,FDP.Die Liberalen,PLR.Les Libéraux-Radicaux,PLR.I Liberali Radicali,FDP-Liberale Fraktion,Groupe libéral-radical,Gruppo liberale radicale,1,0,0,1,1,1,0,1,0,1,1,1,1,1,1,1,1,4,1,1,1,1,0,0,0
4289,Meret Schneider,Meret,Schneider,1992-08-22,Zürich,Zurich,Zurigo,GRÜNE Schweiz,Les VERT-E-S suisses,VERDI Svizzeri,Grüne Fraktion,Groupe des VERT-E-S,Gruppo dei Verdi,1,1,1,1,3,1,1,1,1,1,1,1,1,0,0,1,1,1,1,1,1,1,1,1,1
4123,Ursula Schneider Schüttel,Ursula,Schneider Schüttel,1961-11-26,Freiburg,Fribourg,Friburgo,Sozialdemokratische Partei der Schweiz,Parti socialiste suisse,Partito socialista svizzero,Sozialdemokratische Fraktion,Groupe socialiste,Gruppo socialista,1,1,1,1,1,1,1,1,1,1,1,1,1,0,0,1,1,1,1,1,1,1,1,1,1
4040,Elisabeth Schneider-Schneiter,Elisabeth,Schneider-Schneiter,1964-02-19,Basel-Landschaft,Bâle-Campagne,Basilea-Campagna,Die Mitte,Le Centre,Alleanza del Centro,Die Mitte-Fraktion. Die Mitte. EVP.,Le Groupe du Centre. Le Centre. PEV.,Il Gruppo del Centro. Alleanza del Centro. PEV.,1,1,1,1,1,1,2,1,4,1,1,0,0,1,1,1,1,1,1,1,1,1,0,1,1
1159,Pirmin Schwander,Pirmin,Schwander,1961-12-28,Schwyz,Schwyz,Svitto,Schweizerische Volkspartei,Union Démocratique du Centre,Unione democratica di Centro,Fraktion der Schweizerischen Volkspartei,Groupe de l'Union démocratique du Centre,Gruppo dell'Unione democratica di Centro,0,0,0,0,0,0,0,0,3,0,4,1,0,1,0,0,0,0,1,0,0,0,0,0,0
4199,Priska Seiler Graf,Priska,Seiler Graf,1968-08-29,Zürich,Zurich,Zurigo,Sozialdemokratische Partei der Schweiz,Parti socialiste suisse,Partito socialista svizzero,Sozialdemokratische Fraktion,Groupe socialiste,Gruppo socialista,1,1,1,1,1,1,1,1,1,1,1,1,1,0,0,1,1,1,1,1,1,1,1,1,1
4146,Heinz Siegenthaler,Heinz,Siegenthaler,1955-10-11,Bern,Berne,Berna,Die Mitte,Le Centre,Alleanza del Centro,Die Mitte-Fraktion. Die Mitte. EVP.,Le Groupe du Centre. Le Centre. PEV.,Il Gruppo del Centro. Alleanza del Centro. PEV.,1,2,1,1,3,3,1,1,1,1,1,0,1,1,1,1,1,1,1,1,1,1,0,1,1
4290,Andri Silberschmidt,Andri,Silberschmidt,1994-02-26,Zürich,Zurich,Zurigo,FDP.Die Liberalen,PLR.Les Libéraux-Radicaux,PLR.I Liberali Radicali,FDP-Liberale Fraktion,Groupe libéral-radical,Gruppo liberale radicale,1,0,0,1,1,4,0,1,0,1,1,1,1,1,1,1,1,1,1,1,1,1,0,2,2
4173,Sandra Sollberger,Sandra,Sollberger,1973-10-27,Basel-Landschaft,Bâle-Campagne,Basilea-Campagna,Schweizerische Volkspartei,Union Démocratique du Centre,Unione democratica di Centro,Fraktion der Schweizerischen Volkspartei,Groupe de l'Union démocratique du Centre,Gruppo dell'Unione democratica di Centro,0,0,0,0,0,0,0,0,0,0,1,1,0,1,0,2,0,0,0,0,0,0,0,0,0
4292,Simon Stadler,Simon,Stadler,1988-05-02,Uri,Uri,Uri,Die Mitte,Le Centre,Alleanza del Centro,Die Mitte-Fraktion. Die Mitte. EVP.,Le Groupe du Centre. Le Centre. PEV.,Il Gruppo del Centro. Alleanza del Centro. PEV.,1,4,1,1,1,1,1,1,1,1,1,0,0,1,1,1,1,1,1,1,1,1,0,1,1
4174,Barbara Steinemann,Barbara,Steinemann,1976-06-18,Zürich,Zurich,Zurigo,Schweizerische Volkspartei,Union Démocratique du Centre,Unione democratica di Centro,Fraktion der Schweizerischen Volkspartei,Groupe de l'Union démocratique du Centre,Gruppo dell'Unione democratica di Centro,0,0,0,0,0,0,0,0,0,4,0,1,0,1,0,2,0,0,0,4,0,0,0,0,0
4312,Bruno Storni,Bruno,Storni,1954-08-17,Tessin,Tessin,Ticino,Sozialdemokratische Partei der Schweiz,Parti socialiste suisse,Partito socialista svizzero,Sozialdemokratische Fraktion,Groupe socialiste,Gruppo socialista,4,4,1,4,1,1,1,1,1,1,1,1,1,0,0,1,1,1,1,1,1,1,1,1,1
4293,Manuel Strupler,Manuel,Strupler,1980-04-12,Thurgau,Thurgovie,Turgovia,Schweizerische Volkspartei,Union Démocratique du Centre,Unione democratica di Centro,Fraktion der Schweizerischen Volkspartei,Groupe de l'Union démocratique du Centre,Gruppo dell'Unione democratica di Centro,2,0,0,0,0,0,0,0,0,0,0,1,0,1,0,0,0,0,2,0,0,0,0,0,0
4294,Lilian Studer,Lilian,Studer,1977-12-20,Aargau,Argovie,Argovia,Evangelische Volkspartei der Schweiz,Parti évangélique suisse,Partito evangelico svizzero,Die Mitte-Fraktion. Die Mitte. EVP.,Le Groupe du Centre. Le Centre. PEV.,Il Gruppo del Centro. Alleanza del Centro. PEV.,1,1,1,1,1,1,1,1,1,1,1,1,1,1,1,1,1,1,1,1,1,1,0,1,1
4295,Gabriela Suter,Gabriela,Suter,1972-12-12,Aargau,Argovie,Argovia,Sozialdemokratische Partei der Schweiz,Parti socialiste suisse,Partito socialista svizzero,Sozialdemokratische Fraktion,Groupe socialiste,Gruppo socialista,1,1,1,1,1,1,1,4,1,1,1,1,4,0,4,4,1,1,1,1,1,1,1,1,1
4221,Michael Töngi,Michael,Töngi,1967-03-16,Luzern,Lucerne,Lucerna,GRÜNE Schweiz,Les VERT-E-S suisses,VERDI Svizzeri,Grüne Fraktion,Groupe des VERT-E-S,Gruppo dei Verdi,1,1,1,1,1,4,1,1,1,1,1,1,1,0,0,1,1,1,1,4,1,1,1,1,1
4128,Aline Trede,Aline,Trede,1983-08-26,Bern,Berne,Berna,GRÜNE Schweiz,Les VERT-E-S suisses,VERDI Svizzeri,Grüne Fraktion,Groupe des VERT-E-S,Gruppo dei Verdi,2,1,1,1,1,1,1,1,1,1,1,1,1,0,0,1,1,4,1,1,1,1,1,1,1
4175,Mauro Tuena,Mauro,Tuena,1972-01-25,Zürich,Zurich,Zurigo,Schweizerische Volkspartei,Union Démocratique du Centre,Unione democratica di Centro,Fraktion der Schweizerischen Volkspartei,Groupe de l'Union démocratique du Centre,Gruppo dell'Unione democratica di Centro,0,0,0,0,0,0,0,0,0,0,0,1,0,1,1,0,0,4,0,0,0,0,0,0,0
4065,Nadja Umbricht Pieren,Nadja,Umbricht Pieren,1980-02-14,Bern,Berne,Berna,Schweizerische Volkspartei,Union Démocratique du Centre,Unione democratica di Centro,Fraktion der Schweizerischen Volkspartei,Groupe de l'Union démocratique du Centre,Gruppo dell'Unione democratica di Centro,1,0,0,0,1,0,0,0,3,3,0,1,0,1,1,2,0,2,0,0,0,0,0,0,0
4296,Susanne Vincenz-Stauffacher,Susanne,Vincenz-Stauffacher,1967-01-21,St. Gallen,St-Gall,San Gallo,FDP.Die Liberalen,PLR.Les Libéraux-Radicaux,PLR.I Liberali Radicali,FDP-Liberale Fraktion,Groupe libéral-radical,Gruppo liberale radicale,1,0,1,1,1,1,0,1,0,1,1,1,1,1,1,1,1,1,1,1,1,1,4,0,3
4324,Patricia von Falkenstein,Patricia,von Falkenstein,1961-04-11,Basel-Stadt,Bâle-Ville,Basilea-Città,Liberal-Demokratische Partei,Parti libéral démocrate,Partito liberale democratico,FDP-Liberale Fraktion,Groupe libéral-radical,Gruppo liberale radicale,NA,NA,NA,NA,NA,NA,0,1,0,1,1,1,1,1,1,1,1,1,1,1,1,1,0,0,0
3910,Erich von Siebenthal,Erich,von Siebenthal,1958-12-30,Bern,Berne,Berna,Schweizerische Volkspartei,Union Démocratique du Centre,Unione democratica di Centro,Fraktion der Schweizerischen Volkspartei,Groupe de l'Union démocratique du Centre,Gruppo dell'Unione democratica di Centro,0,0,0,0,0,1,0,0,0,0,1,1,0,1,0,2,4,0,3,0,0,0,0,0,0
4297,Nicolas Walder,Nicolas,Walder,1966-05-02,Genf,Genève,Ginevra,GRÜNE Schweiz,Les VERT-E-S suisses,VERDI Svizzeri,Grüne Fraktion,Groupe des VERT-E-S,Gruppo dei Verdi,2,1,1,1,1,1,1,1,1,1,1,1,1,0,0,1,1,1,1,1,1,1,1,1,1
4177,Bruno Walliser,Bruno,Walliser,1966-04-11,Zürich,Zurich,Zurigo,Schweizerische Volkspartei,Union Démocratique du Centre,Unione democratica di Centro,Fraktion der Schweizerischen Volkspartei,Groupe de l'Union démocratique du Centre,Gruppo dell'Unione democratica di Centro,1,0,0,0,0,0,0,0,0,0,0,1,0,1,0,2,0,0,0,0,0,0,0,0,0
4142,Beat Walti,Beat,Walti,1968-11-22,Zürich,Zurich,Zurigo,FDP.Die Liberalen,PLR.Les Libéraux-Radicaux,PLR.I Liberali Radicali,FDP-Liberale Fraktion,Groupe libéral-radical,Gruppo liberale radicale,4,0,0,1,1,1,0,1,2,2,1,1,1,1,1,1,1,1,1,4,4,4,0,0,1
3912,Christian Wasserfallen,Christian,Wasserfallen,1981-06-30,Bern,Berne,Berna,FDP.Die Liberalen,PLR.Les Libéraux-Radicaux,PLR.I Liberali Radicali,FDP-Liberale Fraktion,Groupe libéral-radical,Gruppo liberale radicale,1,0,4,1,1,1,0,1,0,1,1,1,1,1,2,1,1,1,1,1,1,1,0,0,1
4224,Flavia Wasserfallen,Flavia,Wasserfallen,1979-02-07,Bern,Berne,Berna,Sozialdemokratische Partei der Schweiz,Parti socialiste suisse,Partito socialista svizzero,Sozialdemokratische Fraktion,Groupe socialiste,Gruppo socialista,1,1,1,1,1,1,1,1,1,1,4,1,1,0,0,1,1,1,1,1,1,1,1,1,0
4323,Céline Weber,Céline,Weber,1974-08-22,Waadt,Vaud,Vaud,Grünliberale Partei,Parti vert'libéral,Partito Verde liberale,Grünliberale Fraktion,Groupe vert'libéral,Gruppo verde liberale,NA,NA,NA,NA,NA,NA,1,1,1,1,4,1,1,0,1,1,1,1,1,1,1,1,1,1,1
4194,Laurent Wehrli,Laurent,Wehrli,1965-06-04,Waadt,Vaud,Vaud,FDP.Die Liberalen,PLR.Les Libéraux-Radicaux,PLR.I Liberali Radicali,FDP-Liberale Fraktion,Groupe libéral-radical,Gruppo liberale radicale,1,0,1,1,1,1,3,1,0,1,1,1,1,1,1,1,1,1,1,4,4,4,0,2,2
4298,Manuela Weichelt,Manuela,Weichelt,1967-07-21,Zug,Zoug,Zugo,Alternative-die Grünen Kanton Zug,Alternative-die Grünen Kanton Zug,Alternative-die Grünen Kanton Zug,Grüne Fraktion,Groupe des VERT-E-S,Gruppo dei Verdi,2,1,1,1,1,1,1,1,1,1,1,1,1,0,0,1,1,1,1,1,1,1,1,1,1
4057,Cédric Wermuth,Cédric,Wermuth,1986-02-19,Aargau,Argovie,Argovia,Sozialdemokratische Partei der Schweiz,Parti socialiste suisse,Partito socialista svizzero,Sozialdemokratische Fraktion,Groupe socialiste,Gruppo socialista,1,1,1,4,1,1,1,4,1,1,4,1,1,4,0,1,4,1,1,4,4,4,1,1,1
4299,Felix Wettstein,Felix,Wettstein,1958-01-19,Solothurn,Soleure,Soletta,GRÜNE Schweiz,Les VERT-E-S suisses,VERDI Svizzeri,Grüne Fraktion,Groupe des VERT-E-S,Gruppo dei Verdi,1,1,1,1,1,1,1,1,1,1,1,1,1,0,0,1,1,1,1,1,1,1,1,1,1
4300,Céline Widmer,Céline,Widmer,1978-05-26,Zürich,Zurich,Zurigo,Sozialdemokratische Partei der Schweiz,Parti socialiste suisse,Partito socialista svizzero,Sozialdemokratische Fraktion,Groupe socialiste,Gruppo socialista,1,1,1,1,1,1,1,1,3,1,1,1,1,0,0,1,1,1,1,1,1,1,1,1,1
4305,Priska Wismer-Felder,Priska,Wismer-Felder,1970-10-02,Luzern,Lucerne,Lucerna,Die Mitte,Le Centre,Alleanza del Centro,Die Mitte-Fraktion. Die Mitte. EVP.,Le Groupe du Centre. Le Centre. PEV.,Il Gruppo del Centro. Alleanza del Centro. PEV.,1,4,1,1,1,1,1,1,1,1,1,4,0,1,1,1,1,1,1,1,1,1,0,1,1
1142,Walter Wobmann,Walter,Wobmann,1957-11-21,Solothurn,Soleure,Soletta,Schweizerische Volkspartei,Union Démocratique du Centre,Unione democratica di Centro,Fraktion der Schweizerischen Volkspartei,Groupe de l'Union démocratique du Centre,Gruppo dell'Unione democratica di Centro,0,0,4,0,0,0,0,0,0,0,0,1,0,1,0,2,0,4,0,0,0,0,0,4,0
4318,Sarah Wyss,Sarah,Wyss,1988-08-03,Basel-Stadt,Bâle-Ville,Basilea-Città,Sozialdemokratische Partei der Schweiz,Parti socialiste suisse,Partito socialista svizzero,Sozialdemokratische Fraktion,Groupe socialiste,Gruppo socialista,NA,NA,1,1,1,1,1,1,1,1,1,1,1,0,0,1,1,1,1,1,1,1,1,1,1
4179,David Zuberbühler,David,Zuberbühler,1979-02-20,Appenzell A.-Rh.,Appenzell Rh.-Ext.,Appenzello Esterno,Schweizerische Volkspartei,Union Démocratique du Centre,Unione democratica di Centro,Fraktion der Schweizerischen Volkspartei,Groupe de l'Union démocratique du Centre,Gruppo dell'Unione democratica di Centro,0,0,0,0,0,0,0,0,0,0,0,1,0,1,0,0,0,0,0,0,0,0,0,0,0
4261,Esther Friedli,Esther,Friedli,04.06.1977,St. Gallen,St-Gall,San Gallo,Schweizerische Volkspartei,Union Démocratique du Centre,Unione democratica di Centro,Fraktion der Schweizerischen Volkspartei,Groupe de l'Union démocratique du Centre,Gruppo dell'Unione democratica di Centro,1,0,0,0,0,4,0,4,0,0,0,0,0,1,0,0,0,0,1,0,0,0,0,0,0